{
    "NVDA": {
        "initial_capital": 10000,
        "lookback_window": 25,
        "label_threshold": 0.01951926426063537,
        "learning_rate": 0.03948797044524659,
        "phase_flexibility": 0.14011923266478316,
        "lateral_strength": 0.10405233822119947,
        "input_threshold": 0.6941490989567064,
        "kerr_constant": 0.14469505480302686,
        "system_energy": 40.132379722083215,
        "buy_threshold": 19.608420255674012,
        "sell_threshold": -31.35144362552505,
        "search_depth": 3,
        "trailing_stop_pct": 0.053270084763745645,
        "ticker": "NVDA"
    },
    "JPM": {
        "initial_capital": 10000,
        "lookback_window": 35,
        "label_threshold": 0.005030494239668369,
        "learning_rate": 0.11033418803299268,
        "phase_flexibility": 0.07143848108763151,
        "lateral_strength": 0.19941539667053088,
        "input_threshold": 0.8152243106419307,
        "kerr_constant": 0.1687996603722164,
        "system_energy": 54.21599991522173,
        "buy_threshold": 10.8327596191397,
        "sell_threshold": -17.42786630406268,
        "search_depth": 3,
        "trailing_stop_pct": 0.05841089033987108,
        "ticker": "JPM"
    },
    "XOM": {
        "initial_capital": 10000,
        "lookback_window": 25,
        "label_threshold": 0.015110637547036575,
        "learning_rate": 0.048076137038793466,
        "phase_flexibility": 0.11608418314901114,
        "lateral_strength": 0.17572270602104392,
        "input_threshold": 0.7911317870940568,
        "kerr_constant": 0.3135804296244312,
        "system_energy": 51.831850357985495,
        "buy_threshold": 27.50147084034132,
        "sell_threshold": -33.848908695065084,
        "search_depth": 3,
        "trailing_stop_pct": 0.06539804285120537,
        "ticker": "XOM"
    },
    "JNJ": {
        "initial_capital": 10000,
        "lookback_window": 25,
        "label_threshold": 0.001114356348346691,
        "learning_rate": 0.12415225960468526,
        "phase_flexibility": 0.12312791517926304,
        "lateral_strength": 0.10977856780829831,
        "input_threshold": 0.7523509884633602,
        "kerr_constant": 0.13354038452996203,
        "system_energy": 51.63606105613568,
        "buy_threshold": 23.797518935335766,
        "sell_threshold": -13.821472823415597,
        "search_depth": 3,
        "trailing_stop_pct": 0.07138289753316537,
        "ticker": "JNJ"
    },
    "COST": {
        "initial_capital": 10000,
        "lookback_window": 25,
        "label_threshold": 0.009794859832007455,
        "learning_rate": 0.041489639951800245,
        "phase_flexibility": 0.11258546169416235,
        "lateral_strength": 0.20441084652678396,
        "input_threshold": 0.7331921175649244,
        "kerr_constant": 0.12759974789300763,
        "system_energy": 54.66476089322788,
        "buy_threshold": 22.169243421796345,
        "sell_threshold": -32.26606984771938,
        "search_depth": 3,
        "trailing_stop_pct": 0.0723607063181579,
        "ticker": "COST"
    },
    "TSLA": {
        "initial_capital": 10000,
        "lookback_window": 35,
        "label_threshold": 0.014556295625798087,
        "learning_rate": 0.14646172808804564,
        "phase_flexibility": 0.185418002057526,
        "lateral_strength": 0.2616420763270797,
        "input_threshold": 0.7651900126693224,
        "kerr_constant": 0.29180618753334003,
        "system_energy": 43.76901140967804,
        "buy_threshold": 14.714376725168728,
        "sell_threshold": -24.885409117268324,
        "search_depth": 3,
        "trailing_stop_pct": 0.05508147555370467,
        "ticker": "TSLA"
    },
    "GOOGL": {
        "initial_capital": 10000,
        "lookback_window": 35,
        "label_threshold": 0.005805600993086389,
        "learning_rate": 0.14314439355987862,
        "phase_flexibility": 0.16254354893024414,
        "lateral_strength": 0.25713699649380806,
        "input_threshold": 0.7556087043668763,
        "kerr_constant": 0.23832521601860637,
        "system_energy": 46.43403868663613,
        "buy_threshold": 14.005719361260898,
        "sell_threshold": -28.744692219471496,
        "search_depth": 3,
        "trailing_stop_pct": 0.04293908266513676,
        "ticker": "GOOGL"
    },
    "GLD": {
        "initial_capital": 10000,
        "lookback_window": 35,
        "label_threshold": 0.012614315860188501,
        "learning_rate": 0.031729947735732816,
        "phase_flexibility": 0.1956786064287243,
        "lateral_strength": 0.2451194650835211,
        "input_threshold": 0.75516638620145,
        "kerr_constant": 0.1668373753298869,
        "system_energy": 53.72788803688219,
        "buy_threshold": 12.252326117566684,
        "sell_threshold": -26.3744552446773,
        "search_depth": 3,
        "trailing_stop_pct": 0.050198606266515594,
        "ticker": "GLD"
    }
}